algorytm,grafy,czas,znalezione
seq,1000,0.054710,0
openmp,1000,0.071710,0
cuda,1000,0.012560,0
seq,5000,0.197243,0
openmp,5000,0.199517,0
cuda,5000,0.106932,0
seq,10000,0.300441,0
openmp,10000,0.322905,0
cuda,10000,0.244017,0
seq,50000,1.153722,0
openmp,50000,1.067581,0
cuda,50000,1.019383,0
seq,100000,1.899154,0
openmp,100000,1.969346,0
cuda,100000,1.794606,0
